<?xml version="1.0" encoding="UTF-8"?>
<project-private xmlns="http://www.netbeans.org/ns/project-private/1">
    <editor-bookmarks xmlns="http://www.netbeans.org/ns/editor-bookmarks/2" lastBookmarkId="0"/>
    <open-files xmlns="http://www.netbeans.org/ns/projectui-open-files/2">
        <group>
            <file>file:/home/dam1/NetBeansProjects/ejemploClasesAbstractas/src/ejemploclasesabstractas/EjemploClasesAbstractas.java</file>
            <file>file:/home/dam1/NetBeansProjects/ejemploClasesAbstractas/src/ejemploclasesabstractas/Rectangulo.java</file>
            <file>file:/home/dam1/NetBeansProjects/ejemploClasesAbstractas/src/ejemploclasesabstractas/FigurasGeometricas.java</file>
            <file>file:/home/dam1/NetBeansProjects/ejemploClasesAbstractas/src/ejemploclasesabstractas/Triangulo.java</file>
        </group>
    </open-files>
</project-private>
